{"polyfill":["/polyfill-38aa004d5d57d559895b.js"],"app":["/app-8f3f8f611a3dc3102c8a.js"],"component---src-pages-404-jsx":["/component---src-pages-404-jsx-1c8df09117fd12a85c72.js"],"component---src-pages-index-consulting-jsx":["/component---src-pages-index-consulting-jsx-29c830ef3f619ec3ea2e.js"],"component---src-pages-index-consulting-white-version-jsx":["/component---src-pages-index-consulting-white-version-jsx-3d7a9ca5c0d9080bdf71.js"],"component---src-pages-index-content-writer-jsx":["/component---src-pages-index-content-writer-jsx-bf52b1f5f3340468e7bf.js"],"component---src-pages-index-content-writer-white-version-jsx":["/component---src-pages-index-content-writer-white-version-jsx-83e408143430855918cd.js"],"component---src-pages-index-designer-jsx":["/component---src-pages-index-designer-jsx-57cb76e7633b797d251a.js"],"component---src-pages-index-designer-two-jsx":["/component---src-pages-index-designer-two-jsx-dd57304a4325e6c77ab0.js"],"component---src-pages-index-designer-two-white-version-jsx":["/component---src-pages-index-designer-two-white-version-jsx-2721bc4489f1481dce61.js"],"component---src-pages-index-designer-white-version-jsx":["/component---src-pages-index-designer-white-version-jsx-0fe0f3991048a630f38f.js"],"component---src-pages-index-developer-jsx":["/component---src-pages-index-developer-jsx-b5b3490910af62ebed85.js"],"component---src-pages-index-developer-white-version-jsx":["/component---src-pages-index-developer-white-version-jsx-9a3e779f792cff9041f5.js"],"component---src-pages-index-fashion-designer-jsx":["/component---src-pages-index-fashion-designer-jsx-d55e56a0a060d2af7dc2.js"],"component---src-pages-index-fashion-designer-white-version-jsx":["/component---src-pages-index-fashion-designer-white-version-jsx-f76fb087384ab892ea00.js"],"component---src-pages-index-freelancer-white-version-jsx":["/component---src-pages-index-freelancer-white-version-jsx-756cd4b867edc4276ece.js"],"component---src-pages-index-freelencer-jsx":["/component---src-pages-index-freelencer-jsx-fcc1f8b227905e99b0a9.js"],"component---src-pages-index-instructor-fitness-jsx":["/component---src-pages-index-instructor-fitness-jsx-7078a1753c4c30b14201.js"],"component---src-pages-index-instructor-fitness-white-version-jsx":["/component---src-pages-index-instructor-fitness-white-version-jsx-7d7c120ed31eddc0da45.js"],"component---src-pages-index-instructor-jsx":["/component---src-pages-index-instructor-jsx-0fd47446d92fad2a9633.js"],"component---src-pages-index-instructor-white-version-jsx":["/component---src-pages-index-instructor-white-version-jsx-8f6dc01b013b579b59ca.js"],"component---src-pages-index-jsx":["/component---src-pages-index-jsx-2d97c9546e405f774f6b.js"],"component---src-pages-index-model-jsx":["/component---src-pages-index-model-jsx-11c70ec7f02bad8300d1.js"],"component---src-pages-index-model-white-version-jsx":["/component---src-pages-index-model-white-version-jsx-271e036c62f44004d61b.js"],"component---src-pages-index-personal-portfolio-jsx":["/component---src-pages-index-personal-portfolio-jsx-d8da033240495edd8158.js"],"component---src-pages-index-personal-portfolio-white-version-jsx":["/component---src-pages-index-personal-portfolio-white-version-jsx-50313fca3571867dd5a9.js"],"component---src-pages-index-photographer-jsx":["/component---src-pages-index-photographer-jsx-a904dcfaf141ee3cb7a6.js"],"component---src-pages-index-photographer-white-version-jsx":["/component---src-pages-index-photographer-white-version-jsx-139be6f5606cdd3c6323.js"],"component---src-pages-index-politician-jsx":["/component---src-pages-index-politician-jsx-3076f275a6f40322a2e5.js"],"component---src-pages-index-politician-white-version-jsx":["/component---src-pages-index-politician-white-version-jsx-dea8bbbca9c624838e7c.js"],"component---src-pages-index-technician-jsx":["/component---src-pages-index-technician-jsx-534c0ea922d75e2a9d54.js"],"component---src-pages-index-technician-white-version-jsx":["/component---src-pages-index-technician-white-version-jsx-29fb0cef9e66b4f00431.js"],"component---src-pages-index-web-developer-jsx":["/component---src-pages-index-web-developer-jsx-ccc0467578f5e309b810.js"],"component---src-pages-index-web-developer-white-version-jsx":["/component---src-pages-index-web-developer-white-version-jsx-85ba28ae3d91b740cfcf.js"],"component---src-pages-index-white-version-jsx":["/component---src-pages-index-white-version-jsx-8b00cbd6b1bb2816ce0f.js"]}